{
  "inside": [
    0.01640625,
    0.10416666666666667,
    0.53671875,
    0.9902777777777778
  ],
  "outside": [
    0.57421875,
    0.011111111111111112,
    0.99140625,
    0.9861111111111112
  ]
}